{
	"animations": [
		{
			"offsets": [
				0,
				0
			],
			"loop": false,
			"fps": 24,
			"anim": "idle",
			"indices": [],
			"name": "sd idle"
		},
		{
			"offsets": [
				-22,
				3
			],
			"loop": false,
			"fps": 24,
			"anim": "singUP",
			"indices": [],
			"name": "sd up"
		},
		{
			"offsets": [
				-16,
				-57
			],
			"loop": false,
			"fps": 24,
			"anim": "singDOWN",
			"indices": [],
			"name": "sd down"
		},
		{
			"offsets": [
				2,
				-24
			],
			"loop": false,
			"fps": 24,
			"anim": "singLEFT",
			"indices": [],
			"name": "sd left"
		},
		{
			"offsets": [
				-9,
				-25
			],
			"loop": false,
			"fps": 24,
			"anim": "singRIGHT",
			"indices": [],
			"name": "sd right"
		}
	],
	"no_antialiasing": false,
	"image": "characters/sd",
	"position": [
		170,
		390
	],
	"healthicon": "sd",
	"flip_x": false,
	"healthbar_colors": [
		17,
		43,
		107
	],
	"camera_position": [
		70,
		-10
	],
	"sing_duration": 6.1,
	"scale": 1
}