﻿<?xml version="1.0" encoding="utf-8"?>
<TextureAtlas imagePath="sd.png">
	<!-- Created with Adobe Animate version 21.0.9.42677 -->
	<!-- http://www.adobe.com/products/animate.html -->
	<SubTexture name="sd down0000" x="70" y="70" width="307" height="227" frameX="0" frameY="-23" frameWidth="307" frameHeight="250"/>
	<SubTexture name="sd down0001" x="70" y="70" width="307" height="227" frameX="0" frameY="-23" frameWidth="307" frameHeight="250"/>
	<SubTexture name="sd down0002" x="377" y="70" width="284" height="250" frameX="-12" frameY="0" frameWidth="307" frameHeight="250"/>
	<SubTexture name="sd down0003" x="377" y="70" width="284" height="250" frameX="-12" frameY="0" frameWidth="307" frameHeight="250"/>
	<SubTexture name="sd down0004" x="377" y="70" width="284" height="250" frameX="-12" frameY="0" frameWidth="307" frameHeight="250"/>
	<SubTexture name="sd down0005" x="377" y="70" width="284" height="250" frameX="-12" frameY="0" frameWidth="307" frameHeight="250"/>
	<SubTexture name="sd down0006" x="377" y="70" width="284" height="250" frameX="-12" frameY="0" frameWidth="307" frameHeight="250"/>
	<SubTexture name="sd down0007" x="377" y="70" width="284" height="250" frameX="-12" frameY="0" frameWidth="307" frameHeight="250"/>
	<SubTexture name="sd down0008" x="377" y="70" width="284" height="250" frameX="-12" frameY="0" frameWidth="307" frameHeight="250"/>
	<SubTexture name="sd down0009" x="377" y="70" width="284" height="250" frameX="-12" frameY="0" frameWidth="307" frameHeight="250"/>
	<SubTexture name="sd down0010" x="377" y="70" width="284" height="250" frameX="-12" frameY="0" frameWidth="307" frameHeight="250"/>
	<SubTexture name="sd down0011" x="377" y="70" width="284" height="250" frameX="-12" frameY="0" frameWidth="307" frameHeight="250"/>
	<SubTexture name="sd down0012" x="377" y="70" width="284" height="250" frameX="-12" frameY="0" frameWidth="307" frameHeight="250"/>
	<SubTexture name="sd down0013" x="377" y="70" width="284" height="250" frameX="-12" frameY="0" frameWidth="307" frameHeight="250"/>
	<SubTexture name="sd down0014" x="377" y="70" width="284" height="250" frameX="-12" frameY="0" frameWidth="307" frameHeight="250"/>
	<SubTexture name="sd down0015" x="377" y="70" width="284" height="250" frameX="-12" frameY="0" frameWidth="307" frameHeight="250"/>
	<SubTexture name="sd down0016" x="377" y="70" width="284" height="250" frameX="-12" frameY="0" frameWidth="307" frameHeight="250"/>
	<SubTexture name="sd down0017" x="377" y="70" width="284" height="250" frameX="-12" frameY="0" frameWidth="307" frameHeight="250"/>
	<SubTexture name="sd down0018" x="377" y="70" width="284" height="250" frameX="-12" frameY="0" frameWidth="307" frameHeight="250"/>
	<SubTexture name="sd down0019" x="377" y="70" width="284" height="250" frameX="-12" frameY="0" frameWidth="307" frameHeight="250"/>
	<SubTexture name="sd down0020" x="377" y="70" width="284" height="250" frameX="-12" frameY="0" frameWidth="307" frameHeight="250"/>
	<SubTexture name="sd down0021" x="377" y="70" width="284" height="250" frameX="-12" frameY="0" frameWidth="307" frameHeight="250"/>
	<SubTexture name="sd down0022" x="377" y="70" width="284" height="250" frameX="-12" frameY="0" frameWidth="307" frameHeight="250"/>
	<SubTexture name="sd down0023" x="377" y="70" width="284" height="250" frameX="-12" frameY="0" frameWidth="307" frameHeight="250"/>
	<SubTexture name="sd idle0000" x="661" y="70" width="340" height="186" frameX="0" frameY="-123" frameWidth="340" frameHeight="310"/>
	<SubTexture name="sd idle0001" x="661" y="70" width="340" height="186" frameX="0" frameY="-123" frameWidth="340" frameHeight="310"/>
	<SubTexture name="sd idle0002" x="1001" y="70" width="283" height="273" frameX="-29" frameY="-36" frameWidth="340" frameHeight="310"/>
	<SubTexture name="sd idle0003" x="1001" y="70" width="283" height="273" frameX="-29" frameY="-36" frameWidth="340" frameHeight="310"/>
	<SubTexture name="sd idle0004" x="1284" y="70" width="283" height="299" frameX="-29" frameY="-11" frameWidth="340" frameHeight="310"/>
	<SubTexture name="sd idle0005" x="1284" y="70" width="283" height="299" frameX="-29" frameY="-11" frameWidth="340" frameHeight="310"/>
	<SubTexture name="sd idle0006" x="1567" y="70" width="275" height="305" frameX="-33" frameY="-5" frameWidth="340" frameHeight="310"/>
	<SubTexture name="sd idle0007" x="1567" y="70" width="275" height="305" frameX="-33" frameY="-5" frameWidth="340" frameHeight="310"/>
	<SubTexture name="sd idle0008" x="70" y="375" width="270" height="310" frameX="-36" frameY="0" frameWidth="340" frameHeight="310"/>
	<SubTexture name="sd idle0009" x="70" y="375" width="270" height="310" frameX="-36" frameY="0" frameWidth="340" frameHeight="310"/>
	<SubTexture name="sd idle0010" x="70" y="375" width="270" height="310" frameX="-36" frameY="0" frameWidth="340" frameHeight="310"/>
	<SubTexture name="sd idle0011" x="70" y="375" width="270" height="310" frameX="-36" frameY="0" frameWidth="340" frameHeight="310"/>
	<SubTexture name="sd idle0012" x="70" y="375" width="270" height="310" frameX="-36" frameY="0" frameWidth="340" frameHeight="310"/>
	<SubTexture name="sd idle0013" x="1567" y="70" width="275" height="305" frameX="-33" frameY="-5" frameWidth="340" frameHeight="310"/>
	<SubTexture name="sd left0000" x="340" y="375" width="333" height="283"/>
	<SubTexture name="sd left0001" x="340" y="375" width="333" height="283"/>
	<SubTexture name="sd left0002" x="673" y="375" width="312" height="283" frameX="-16" frameY="0" frameWidth="333" frameHeight="283"/>
	<SubTexture name="sd left0003" x="673" y="375" width="312" height="283" frameX="-16" frameY="0" frameWidth="333" frameHeight="283"/>
	<SubTexture name="sd left0004" x="673" y="375" width="312" height="283" frameX="-16" frameY="0" frameWidth="333" frameHeight="283"/>
	<SubTexture name="sd left0005" x="673" y="375" width="312" height="283" frameX="-16" frameY="0" frameWidth="333" frameHeight="283"/>
	<SubTexture name="sd left0006" x="673" y="375" width="312" height="283" frameX="-16" frameY="0" frameWidth="333" frameHeight="283"/>
	<SubTexture name="sd left0007" x="673" y="375" width="312" height="283" frameX="-16" frameY="0" frameWidth="333" frameHeight="283"/>
	<SubTexture name="sd left0008" x="673" y="375" width="312" height="283" frameX="-16" frameY="0" frameWidth="333" frameHeight="283"/>
	<SubTexture name="sd left0009" x="673" y="375" width="312" height="283" frameX="-16" frameY="0" frameWidth="333" frameHeight="283"/>
	<SubTexture name="sd left0010" x="673" y="375" width="312" height="283" frameX="-16" frameY="0" frameWidth="333" frameHeight="283"/>
	<SubTexture name="sd left0011" x="673" y="375" width="312" height="283" frameX="-16" frameY="0" frameWidth="333" frameHeight="283"/>
	<SubTexture name="sd left0012" x="673" y="375" width="312" height="283" frameX="-16" frameY="0" frameWidth="333" frameHeight="283"/>
	<SubTexture name="sd left0013" x="673" y="375" width="312" height="283" frameX="-16" frameY="0" frameWidth="333" frameHeight="283"/>
	<SubTexture name="sd left0014" x="673" y="375" width="312" height="283" frameX="-16" frameY="0" frameWidth="333" frameHeight="283"/>
	<SubTexture name="sd left0015" x="673" y="375" width="312" height="283" frameX="-16" frameY="0" frameWidth="333" frameHeight="283"/>
	<SubTexture name="sd left0016" x="673" y="375" width="312" height="283" frameX="-16" frameY="0" frameWidth="333" frameHeight="283"/>
	<SubTexture name="sd left0017" x="673" y="375" width="312" height="283" frameX="-16" frameY="0" frameWidth="333" frameHeight="283"/>
	<SubTexture name="sd left0018" x="673" y="375" width="312" height="283" frameX="-16" frameY="0" frameWidth="333" frameHeight="283"/>
	<SubTexture name="sd left0019" x="673" y="375" width="312" height="283" frameX="-16" frameY="0" frameWidth="333" frameHeight="283"/>
	<SubTexture name="sd left0020" x="673" y="375" width="312" height="283" frameX="-16" frameY="0" frameWidth="333" frameHeight="283"/>
	<SubTexture name="sd left0021" x="673" y="375" width="312" height="283" frameX="-16" frameY="0" frameWidth="333" frameHeight="283"/>
	<SubTexture name="sd left0022" x="673" y="375" width="312" height="283" frameX="-16" frameY="0" frameWidth="333" frameHeight="283"/>
	<SubTexture name="sd left0023" x="673" y="375" width="312" height="283" frameX="-16" frameY="0" frameWidth="333" frameHeight="283"/>
	<SubTexture name="sd right0000" x="985" y="375" width="371" height="283"/>
	<SubTexture name="sd right0001" x="985" y="375" width="371" height="283"/>
	<SubTexture name="sd right0002" x="1356" y="375" width="358" height="283" frameX="0" frameY="0" frameWidth="371" frameHeight="283"/>
	<SubTexture name="sd right0003" x="1356" y="375" width="358" height="283" frameX="0" frameY="0" frameWidth="371" frameHeight="283"/>
	<SubTexture name="sd right0004" x="1356" y="375" width="358" height="283" frameX="0" frameY="0" frameWidth="371" frameHeight="283"/>
	<SubTexture name="sd right0005" x="1356" y="375" width="358" height="283" frameX="0" frameY="0" frameWidth="371" frameHeight="283"/>
	<SubTexture name="sd right0006" x="1356" y="375" width="358" height="283" frameX="0" frameY="0" frameWidth="371" frameHeight="283"/>
	<SubTexture name="sd right0007" x="1356" y="375" width="358" height="283" frameX="0" frameY="0" frameWidth="371" frameHeight="283"/>
	<SubTexture name="sd right0008" x="1356" y="375" width="358" height="283" frameX="0" frameY="0" frameWidth="371" frameHeight="283"/>
	<SubTexture name="sd right0009" x="1356" y="375" width="358" height="283" frameX="0" frameY="0" frameWidth="371" frameHeight="283"/>
	<SubTexture name="sd right0010" x="1356" y="375" width="358" height="283" frameX="0" frameY="0" frameWidth="371" frameHeight="283"/>
	<SubTexture name="sd right0011" x="1356" y="375" width="358" height="283" frameX="0" frameY="0" frameWidth="371" frameHeight="283"/>
	<SubTexture name="sd right0012" x="1356" y="375" width="358" height="283" frameX="0" frameY="0" frameWidth="371" frameHeight="283"/>
	<SubTexture name="sd right0013" x="1356" y="375" width="358" height="283" frameX="0" frameY="0" frameWidth="371" frameHeight="283"/>
	<SubTexture name="sd right0014" x="1356" y="375" width="358" height="283" frameX="0" frameY="0" frameWidth="371" frameHeight="283"/>
	<SubTexture name="sd right0015" x="1356" y="375" width="358" height="283" frameX="0" frameY="0" frameWidth="371" frameHeight="283"/>
	<SubTexture name="sd right0016" x="1356" y="375" width="358" height="283" frameX="0" frameY="0" frameWidth="371" frameHeight="283"/>
	<SubTexture name="sd right0017" x="1356" y="375" width="358" height="283" frameX="0" frameY="0" frameWidth="371" frameHeight="283"/>
	<SubTexture name="sd right0018" x="1356" y="375" width="358" height="283" frameX="0" frameY="0" frameWidth="371" frameHeight="283"/>
	<SubTexture name="sd right0019" x="1356" y="375" width="358" height="283" frameX="0" frameY="0" frameWidth="371" frameHeight="283"/>
	<SubTexture name="sd right0020" x="1356" y="375" width="358" height="283" frameX="0" frameY="0" frameWidth="371" frameHeight="283"/>
	<SubTexture name="sd right0021" x="1356" y="375" width="358" height="283" frameX="0" frameY="0" frameWidth="371" frameHeight="283"/>
	<SubTexture name="sd right0022" x="1356" y="375" width="358" height="283" frameX="0" frameY="0" frameWidth="371" frameHeight="283"/>
	<SubTexture name="sd right0023" x="1356" y="375" width="358" height="283" frameX="0" frameY="0" frameWidth="371" frameHeight="283"/>
	<SubTexture name="sd up0000" x="70" y="685" width="295" height="312"/>
	<SubTexture name="sd up0001" x="70" y="685" width="295" height="312"/>
	<SubTexture name="sd up0002" x="365" y="685" width="293" height="298" frameX="-1" frameY="-14" frameWidth="295" frameHeight="312"/>
	<SubTexture name="sd up0003" x="365" y="685" width="293" height="298" frameX="-1" frameY="-14" frameWidth="295" frameHeight="312"/>
	<SubTexture name="sd up0004" x="365" y="685" width="293" height="298" frameX="-1" frameY="-14" frameWidth="295" frameHeight="312"/>
	<SubTexture name="sd up0005" x="365" y="685" width="293" height="298" frameX="-1" frameY="-14" frameWidth="295" frameHeight="312"/>
	<SubTexture name="sd up0006" x="365" y="685" width="293" height="298" frameX="-1" frameY="-14" frameWidth="295" frameHeight="312"/>
	<SubTexture name="sd up0007" x="365" y="685" width="293" height="298" frameX="-1" frameY="-14" frameWidth="295" frameHeight="312"/>
	<SubTexture name="sd up0008" x="365" y="685" width="293" height="298" frameX="-1" frameY="-14" frameWidth="295" frameHeight="312"/>
	<SubTexture name="sd up0009" x="365" y="685" width="293" height="298" frameX="-1" frameY="-14" frameWidth="295" frameHeight="312"/>
	<SubTexture name="sd up0010" x="365" y="685" width="293" height="298" frameX="-1" frameY="-14" frameWidth="295" frameHeight="312"/>
	<SubTexture name="sd up0011" x="365" y="685" width="293" height="298" frameX="-1" frameY="-14" frameWidth="295" frameHeight="312"/>
	<SubTexture name="sd up0012" x="365" y="685" width="293" height="298" frameX="-1" frameY="-14" frameWidth="295" frameHeight="312"/>
	<SubTexture name="sd up0013" x="365" y="685" width="293" height="298" frameX="-1" frameY="-14" frameWidth="295" frameHeight="312"/>
	<SubTexture name="sd up0014" x="365" y="685" width="293" height="298" frameX="-1" frameY="-14" frameWidth="295" frameHeight="312"/>
	<SubTexture name="sd up0015" x="365" y="685" width="293" height="298" frameX="-1" frameY="-14" frameWidth="295" frameHeight="312"/>
	<SubTexture name="sd up0016" x="365" y="685" width="293" height="298" frameX="-1" frameY="-14" frameWidth="295" frameHeight="312"/>
	<SubTexture name="sd up0017" x="365" y="685" width="293" height="298" frameX="-1" frameY="-14" frameWidth="295" frameHeight="312"/>
	<SubTexture name="sd up0018" x="365" y="685" width="293" height="298" frameX="-1" frameY="-14" frameWidth="295" frameHeight="312"/>
	<SubTexture name="sd up0019" x="365" y="685" width="293" height="298" frameX="-1" frameY="-14" frameWidth="295" frameHeight="312"/>
	<SubTexture name="sd up0020" x="365" y="685" width="293" height="298" frameX="-1" frameY="-14" frameWidth="295" frameHeight="312"/>
	<SubTexture name="sd up0021" x="365" y="685" width="293" height="298" frameX="-1" frameY="-14" frameWidth="295" frameHeight="312"/>
	<SubTexture name="sd up0022" x="365" y="685" width="293" height="298" frameX="-1" frameY="-14" frameWidth="295" frameHeight="312"/>
	<SubTexture name="sd up0023" x="365" y="685" width="293" height="298" frameX="-1" frameY="-14" frameWidth="295" frameHeight="312"/>
</TextureAtlas>
